﻿{"cameraMode":{"drawMode":0,"name":"Shaded","section":"Shading Mode"},"sceneLighting":true,"audioPlay":false,"sceneViewState":{"showFog":true,"showMaterialUpdate":false,"showSkybox":true,"showFlares":true,"showImageEffects":true,"showParticleSystems":true},"in2DMode":false,"pivot":{"x":17.261150360107423,"y":3.8240127563476564,"z":3.16935396194458},"rotation":{"x":-0.26353535056114199,"y":-0.5377384424209595,"z":0.18165278434753419,"w":-0.7799928188323975},"size":29.077619552612306,"orthographic":false}