﻿{"cameraMode":{"drawMode":0,"name":"Shaded","section":"Shading Mode"},"sceneLighting":true,"audioPlay":false,"sceneViewState":{"showFog":true,"showMaterialUpdate":false,"showSkybox":true,"showFlares":true,"showImageEffects":true,"showParticleSystems":true},"in2DMode":false,"pivot":{"x":-0.507818341255188,"y":-0.09056717157363892,"z":0.054695066064596179},"rotation":{"x":-0.031764037907123569,"y":0.9555252194404602,"z":-0.27095144987106326,"w":-0.11201810091733933},"size":27.113893508911134,"orthographic":false}