﻿{"cameraMode":{"drawMode":0,"name":"Shaded","section":"Shading Mode"},"sceneLighting":false,"audioPlay":false,"sceneViewState":{"showFog":true,"showMaterialUpdate":false,"showSkybox":true,"showFlares":true,"showImageEffects":true,"showParticleSystems":true},"in2DMode":false,"pivot":{"x":-6.190911293029785,"y":13.03689193725586,"z":-1.2941867113113404},"rotation":{"x":-0.19708669185638429,"y":0.6149766445159912,"z":-0.16251274943351746,"w":-0.7460229396820068},"size":2.4606587886810304,"orthographic":false}