﻿{"cameraMode":{"drawMode":0,"name":"Shaded","section":"Shading Mode"},"sceneLighting":false,"audioPlay":false,"sceneViewState":{"showFog":true,"showMaterialUpdate":false,"showSkybox":true,"showFlares":true,"showImageEffects":true,"showParticleSystems":true},"in2DMode":false,"pivot":{"x":-6.033247470855713,"y":14.80518913269043,"z":0.01587820053100586},"rotation":{"x":-0.10691899806261063,"y":0.8499855399131775,"z":-0.18946999311447144,"w":-0.4797854721546173},"size":1.4289418458938599,"orthographic":false}